Data Year,County,Revenues Thousand Dollars,Sales Megawatthours,Customers Count,Population,Median Income,less than 30 percent income in housing cost,30 to 50 percent income in housing cost,greater than 50 percent income in housing cost,avg_energy_cost_per_customer,avg_kwh_per_customer,price_per_kwh,energy_burden,kwh_per_capita
2010,apache,1544327.9,13424364.0,1058161.0,18859.0,30184.0,11371.0,1324.0,919.0,1459.4451127947448,12686.504227617537,0.11503918546904718,0.04835161386147445,711827.9866376796
2010,cochise,1553850.9,13405386.0,1038290.0,48935.0,44876.0,25399.0,4619.0,3457.0,1496.5480742374482,12911.022931936164,0.11591243251033577,0.03334851756478849,273942.69949933584
2010,coconino,1565735.6,13627931.0,1064552.0,45478.0,49510.0,19667.0,4960.0,2980.0,1470.7929720671232,12801.564413950657,0.11489165890258764,0.029706987922987742,299659.857513523
2010,gila,2843772.9,25684799.0,1894388.0,19704.0,37580.0,10618.0,2774.0,1817.0,1501.156521261748,13558.362384052263,0.1107181294274485,0.03994562323740681,1303532.2269589931
2010,graham,84082.70000000001,630986.0,67819.0,10822.0,41683.0,5806.0,1261.0,656.0,1239.8103776227904,9303.97086362229,0.1332560468853509,0.029743789497463962,58305.8584365182
2010,greenlee,1325650.7,12544693.0,888964.0,3327.0,48696.0,1308.0,180.0,72.0,1491.2310284780935,14111.587195881948,0.10567422415199798,0.030623275597135156,3770571.986774872
2010,la paz,1507176.8,13074577.0,1000487.0,10158.0,32147.0,6125.0,831.0,600.0,1506.4431621800184,13068.212780375958,0.11527537755141141,0.046861080728528896,1287121.1852726915
2010,maricopa,2836791.0,25612369.0,1875727.0,1382002.0,55054.0,601847.0,186617.0,120881.0,1512.3688042023173,13654.635775888495,0.110758633846014,0.027470643444660103,18532.801689143722
2010,mohave,128400.2,1267695.0,121880.0,80361.0,39785.0,39227.0,10014.0,7474.0,1053.4968821791927,10401.173285198556,0.10128635042340627,0.026479750714570635,15775.002799865606
2010,navajo,1544327.9,13424364.0,1058161.0,35366.0,39774.0,19146.0,3728.0,2204.0,1459.4451127947448,12686.504227617537,0.11503918546904718,0.036693445788574065,379583.8941356105
2010,pima,2009741.5,17841220.0,1458069.0,381880.0,45521.0,171558.0,45813.0,27529.0,1378.3582944291388,12236.19732673831,0.11264596815688613,0.030279613682237624,46719.44066198806
2010,pinal,2863544.7,25778110.0,1887099.0,118826.0,51310.0,60578.0,19535.0,11399.0,1517.4321537979724,13660.178930729124,0.11108435412836705,0.029573809273006672,216939.97946577347
2010,santa cruz,130566.3,1187679.0,121622.0,12078.0,36519.0,5493.0,1504.0,1400.0,1073.5417934255315,9765.330285639111,0.10993399731745698,0.02939680148485806,98334.0784898162
2010,yavapai,1545689.0,13410665.0,1032102.0,89109.0,43290.0,42328.0,12103.0,9467.0,1497.612639060868,12993.546180513167,0.11525819189428713,0.03459488655719261,150497.3122804655
2010,yuma,1506985.0,13064920.0,999187.0,69563.0,40340.0,34433.0,8651.0,4790.0,1508.2111756858326,13075.550422493487,0.11534590338096215,0.037387485763158965,187814.21157799405
2015,apache,1752007.0,13518731.0,1107634.0,19272.0,31757.0,11595.0,1254.0,960.0,1581.756248002499,12205.052390952245,0.1295984808041524,0.04980811310899956,701470.0601909506
2015,cochise,1747252.0,13501348.0,1088849.0,48825.0,45075.0,25278.0,4357.0,3089.0,1604.67796728472,12399.651374984043,0.12941315193119976,0.03560017675617792,276525.3046594982
2015,coconino,1768618.3,13785749.0,1116400.0,46619.0,50234.0,21016.0,3903.0,2488.0,1584.215603726263,12348.395736295235,0.12829323238077234,0.03153672022387751,295710.9547609344
2015,gila,3208591.0,26074195.0,2007152.0,20909.0,39751.0,11648.0,1766.0,1622.0,1598.5789815619346,12990.642960772278,0.12305618639424919,0.040214811742143204,1247032.1392701708
2015,graham,68631.9,527701.0,60199.0,10959.0,45964.0,6120.0,955.0,536.0,1140.0837223209687,8765.942955863055,0.13005830953513448,0.02480384044732766,48152.29491741947
2015,greenlee,1493365.7,12820721.0,951700.0,3219.0,51628.0,1293.0,78.0,113.0,1569.155931491016,13471.389093201638,0.1164806331874783,0.03039350607211234,3982827.2755514137
2015,la paz,1701968.0,13159754.0,1046989.0,9365.0,34466.0,5942.0,504.0,455.0,1625.5834588520033,12569.142560237022,0.12933129297097803,0.047164842420124274,1405205.9797116925
2015,maricopa,3191234.4,25991244.0,1986046.0,1442518.0,54229.0,638369.0,134643.0,91370.0,1606.8280392297056,13086.929507171535,0.12278113352327422,0.029630419871834363,18017.968579941462
2015,mohave,132799.6,1278920.0,122239.0,80832.0,38488.0,40375.0,7924.0,5242.0,1086.3930496813618,10462.454699400356,0.10383730022206236,0.028226799253828774,15821.95170229612
2015,navajo,1752007.0,13518731.0,1107634.0,34129.0,35921.0,18349.0,2710.0,2030.0,1581.756248002499,12205.052390952245,0.1295984808041524,0.044034304390259155,396106.85926924314
2015,pima,2246551.4,17768072.0,1518020.0,389658.0,46162.0,174820.0,36110.0,25206.0,1479.9221354132358,11704.76805312183,0.12643754482759864,0.0320593157881642,45599.14591770219
2015,pinal,3223414.0,26186643.0,1998341.0,127599.0,49477.0,67194.0,13988.0,9465.0,1613.0450208447908,13104.19142678852,0.12309382306086351,0.03260191646309984,205226.08327651472
2015,santa cruz,132751.7,1185653.0,124261.0,15359.0,40140.0,7072.0,1512.0,1472.0,1068.329564384642,9541.634141041839,0.11196505216956396,0.026615086307539663,77195.9763005404
2015,yavapai,1742333.0,13535812.0,1082770.0,92310.0,44748.0,45370.0,11179.0,7370.0,1609.1441395679599,12501.09626236412,0.12872024227286843,0.03596013541539197,146634.29747589643
2015,yuma,1705117.0,13188048.0,1049757.0,70639.0,40743.0,35165.0,7805.0,4546.0,1624.2968610830887,12562.953140583964,0.12929259887437475,0.03986689397155557,186696.4141621484
